{"cameraMode":{"drawMode":0,"name":"Shaded","section":"Shading Mode"},"sceneLighting":true,"audioPlay":false,"sceneViewState":{"m_AlwaysRefresh":false,"showFog":true,"showSkybox":true,"showFlares":true,"showImageEffects":true,"showParticleSystems":true,"showVisualEffectGraphs":true,"m_FxEnabled":true},"in2DMode":false,"pivot":{"x":-7.775589942932129,"y":1.8112682104110718,"z":4.968664169311523},"rotation":{"x":-0.17930477857589723,"y":0.022741004824638368,"z":-0.004055977798998356,"w":-0.9836054444313049},"size":5.211953639984131,"orthographic":false}