{"cameraMode":{"drawMode":0,"name":"Shaded","section":"Shading Mode"},"sceneLighting":true,"audioPlay":false,"sceneViewState":{"m_AlwaysRefresh":false,"showFog":true,"showSkybox":true,"showFlares":true,"showImageEffects":true,"showParticleSystems":true,"showVisualEffectGraphs":true,"m_FxEnabled":true},"in2DMode":false,"pivot":{"x":-2.380164384841919,"y":2.55749249458313,"z":2.075208902359009},"rotation":{"x":0.03568403422832489,"y":-0.003900467650964856,"z":-0.00013691632193513215,"w":-0.9993975758552551},"size":3.7939321994781496,"orthographic":false}