{"cameraMode":{"drawMode":0,"name":"Shaded","section":"Shading Mode"},"sceneLighting":true,"audioPlay":false,"sceneViewState":{"m_AlwaysRefresh":false,"showFog":true,"showSkybox":true,"showFlares":true,"showImageEffects":true,"showParticleSystems":true,"showVisualEffectGraphs":true,"m_FxEnabled":true},"in2DMode":false,"pivot":{"x":-12.840165138244629,"y":0.5004258155822754,"z":21.191020965576173},"rotation":{"x":-0.20787832140922547,"y":0.08994153887033463,"z":-0.01919953152537346,"w":-0.9738225936889648},"size":3.95141339302063,"orthographic":false}